probability,prediction,label
-4.902510643005371,-4.902510643005371,-7.535634515882377
-4.902510643005371,-4.902510643005371,-7.535634515882377
-4.902510643005371,-4.902510643005371,-7.535634515882377
-4.902510643005371,-4.902510643005371,-7.535634515882377
-4.902510643005371,-4.902510643005371,-7.535634515882377
-4.902510643005371,-4.902510643005371,-7.535634515882377
-4.902510643005371,-4.902510643005371,-7.535634515882377
-4.902510643005371,-4.902510643005371,-7.535634515882377
-4.902510643005371,-4.902510643005371,-7.535634515882377
-4.902510643005371,-4.902510643005371,-7.535634515882377
-4.902510643005371,-4.902510643005371,-7.535634515882377
-4.902510643005371,-4.902510643005371,-7.535634515882377
-4.902510643005371,-4.902510643005371,-7.535634515882377
-4.902510643005371,-4.902510643005371,-7.535634515882377
-4.902510643005371,-4.902510643005371,-7.535634515882377
-4.902510643005371,-4.902510643005371,-7.535634515882377
-4.902510643005371,-4.902510643005371,-7.535634515882377
-4.902510643005371,-4.902510643005371,-7.535634515882377
-4.902510643005371,-4.902510643005371,-7.535634515882377
-4.902510643005371,-4.902510643005371,-7.535634515882377
-4.902510643005371,-4.902510643005371,-7.535634515882377
-4.902510643005371,-4.902510643005371,-7.535634515882377
-4.902510643005371,-4.902510643005371,-7.535634515882377
-4.902510643005371,-4.902510643005371,-7.535634515882377
-4.902510643005371,-4.902510643005371,-7.535634515882377
-4.902510643005371,-4.902510643005371,-7.535634515882377
-4.902510643005371,-4.902510643005371,-7.535634515882377
-4.902510643005371,-4.902510643005371,-7.535634515882377
-4.902510643005371,-4.902510643005371,-7.535634515882377
-4.902510643005371,-4.902510643005371,-7.535634515882377
-4.902510643005371,-4.902510643005371,-7.535634515882377
-4.902510643005371,-4.902510643005371,-7.535634515882377
-4.902510643005371,-4.902510643005371,-7.535634515882377
-4.902510643005371,-4.902510643005371,-7.535634515882377
-4.902510643005371,-4.902510643005371,-7.535634515882377
-4.902510643005371,-4.902510643005371,-7.535634515882377
-4.902510643005371,-4.902510643005371,-7.535634515882377
-4.902510643005371,-4.902510643005371,-7.535634515882377
-4.902510643005371,-4.902510643005371,-7.535634515882377
-4.902510643005371,-4.902510643005371,-7.535634515882377
-4.902510643005371,-4.902510643005371,-7.535634515882377
-4.902510643005371,-4.902510643005371,-7.535634515882377
-4.902510643005371,-4.902510643005371,-7.535634515882377
-4.902510643005371,-4.902510643005371,-7.535634515882377
-4.902510643005371,-4.902510643005371,-7.535634515882377
-4.902510643005371,-4.902510643005371,-7.535634515882377
-4.902510643005371,-4.902510643005371,-7.535634515882377
-4.902510643005371,-4.902510643005371,-7.535634515882377
-4.902510643005371,-4.902510643005371,-7.535634515882377
-4.902510643005371,-4.902510643005371,-7.535634515882377
-4.902510643005371,-4.902510643005371,-7.535634515882377
-4.902510643005371,-4.902510643005371,-7.535634515882377
-4.902510643005371,-4.902510643005371,-7.535634515882377
-4.902510643005371,-4.902510643005371,-7.535634515882377
-4.902510643005371,-4.902510643005371,-7.535634515882377
-4.902510643005371,-4.902510643005371,-7.535634515882377
-4.902510643005371,-4.902510643005371,-7.535634515882377
-4.902510643005371,-4.902510643005371,-7.535634515882377
-4.902510643005371,-4.902510643005371,-7.535634515882377
-4.902510643005371,-4.902510643005371,-7.535634515882377
-4.902510643005371,-4.902510643005371,-7.535634515882377
-4.902510643005371,-4.902510643005371,-7.535634515882377
-4.902510643005371,-4.902510643005371,-7.535634515882377
-4.902510643005371,-4.902510643005371,-7.535634515882377
-4.902510643005371,-4.902510643005371,-7.535634515882377
-4.902510643005371,-4.902510643005371,-7.535634515882377
-4.902510643005371,-4.902510643005371,-7.535634515882377
-4.902510643005371,-4.902510643005371,-7.535634515882377
-4.902510643005371,-4.902510643005371,-7.535634515882377
-4.902510643005371,-4.902510643005371,-7.535634515882377
-4.902510643005371,-4.902510643005371,-7.535634515882377
-4.902510643005371,-4.902510643005371,-7.535634515882377
-4.902510643005371,-4.902510643005371,-7.535634515882377
-4.902510643005371,-4.902510643005371,-7.535634515882377
-4.902510643005371,-4.902510643005371,-7.535634515882377
-4.902510643005371,-4.902510643005371,-7.535634515882377
-4.902510643005371,-4.902510643005371,-7.535634515882377
-4.902510643005371,-4.902510643005371,-7.535634515882377
-4.902510643005371,-4.902510643005371,-7.535634515882377
-4.902510643005371,-4.902510643005371,-7.535634515882377
-4.902510643005371,-4.902510643005371,-7.535634515882377
-4.902510643005371,-4.902510643005371,-7.535634515882377
-4.902510643005371,-4.902510643005371,-7.535634515882377
-4.902510643005371,-4.902510643005371,-7.535634515882377
-4.902510643005371,-4.902510643005371,-7.535634515882377
-4.902510643005371,-4.902510643005371,-7.535634515882377
-4.902510643005371,-4.902510643005371,-7.535634515882377
-4.902510643005371,-4.902510643005371,-7.535634515882377
-4.902510643005371,-4.902510643005371,-7.535634515882377
-4.902510643005371,-4.902510643005371,-7.535634515882377
-4.902510643005371,-4.902510643005371,-7.535634515882377
-4.902510643005371,-4.902510643005371,-7.535634515882377
-2.0710370540618896,-2.0710370540618896,-7.535634515882377
-2.0710370540618896,-2.0710370540618896,-7.535634515882377
-2.0710370540618896,-2.0710370540618896,-7.535634515882377
-2.0710370540618896,-2.0710370540618896,-7.535634515882377
-2.0710370540618896,-2.0710370540618896,-7.535634515882377
-2.0710370540618896,-2.0710370540618896,-7.535634515882377
-2.0710370540618896,-2.0710370540618896,-7.535634515882377
-2.0710370540618896,-2.0710370540618896,-7.535634515882377
-2.0710370540618896,-2.0710370540618896,-7.535634515882377
-2.0710370540618896,-2.0710370540618896,-7.535634515882377
-2.0710370540618896,-2.0710370540618896,-7.535634515882377
-2.0710370540618896,-2.0710370540618896,-7.535634515882377
-2.0710370540618896,-2.0710370540618896,-7.535634515882377
-2.0710370540618896,-2.0710370540618896,-7.535634515882377
-2.0710370540618896,-2.0710370540618896,-7.535634515882377
-2.0710370540618896,-2.0710370540618896,-7.535634515882377
-2.0710370540618896,-2.0710370540618896,-7.535634515882377
-2.0710370540618896,-2.0710370540618896,-7.535634515882377
-2.0710370540618896,-2.0710370540618896,-7.535634515882377
-4.3170342445373535,-4.3170342445373535,-7.535634515882377
-4.3170342445373535,-4.3170342445373535,-7.535634515882377
-4.3170342445373535,-4.3170342445373535,-7.535634515882377
-4.3170342445373535,-4.3170342445373535,-7.535634515882377
-4.3170342445373535,-4.3170342445373535,-7.535634515882377
-4.3170342445373535,-4.3170342445373535,-7.535634515882377
-4.3170342445373535,-4.3170342445373535,-7.535634515882377
-4.3170342445373535,-4.3170342445373535,-7.535634515882377
-4.3170342445373535,-4.3170342445373535,-7.535634515882377
-4.3170342445373535,-4.3170342445373535,-7.535634515882377
-4.3170342445373535,-4.3170342445373535,-7.535634515882377
-4.3170342445373535,-4.3170342445373535,-7.535634515882377
-4.3170342445373535,-4.3170342445373535,-7.535634515882377
-4.3170342445373535,-4.3170342445373535,-7.535634515882377
-4.3170342445373535,-4.3170342445373535,-7.535634515882377
-4.3170342445373535,-4.3170342445373535,-7.535634515882377
-4.3170342445373535,-4.3170342445373535,-7.535634515882377
-4.3170342445373535,-4.3170342445373535,-7.535634515882377
-3.218202590942383,-3.218202590942383,-7.535634515882377
-3.218202590942383,-3.218202590942383,-7.535634515882377
-3.218202590942383,-3.218202590942383,-7.535634515882377
-3.218202590942383,-3.218202590942383,-7.535634515882377
-3.218202590942383,-3.218202590942383,-7.535634515882377
-3.218202590942383,-3.218202590942383,-7.535634515882377
-3.218202590942383,-3.218202590942383,-7.535634515882377
-3.218202590942383,-3.218202590942383,-7.535634515882377
-3.218202590942383,-3.218202590942383,-7.535634515882377
-3.218202590942383,-3.218202590942383,-7.535634515882377
-3.218202590942383,-3.218202590942383,-7.535634515882377
-3.218202590942383,-3.218202590942383,-7.535634515882377
-3.218202590942383,-3.218202590942383,-7.535634515882377
-3.218202590942383,-3.218202590942383,-7.535634515882377
-3.218202590942383,-3.218202590942383,-7.535634515882377
-3.218202590942383,-3.218202590942383,-7.535634515882377
-3.218202590942383,-3.218202590942383,-7.535634515882377
-3.218202590942383,-3.218202590942383,-7.535634515882377
-3.218202590942383,-3.218202590942383,-7.535634515882377
-3.218202590942383,-3.218202590942383,-7.535634515882377
-3.218202590942383,-3.218202590942383,-7.535634515882377
-3.218202590942383,-3.218202590942383,-7.535634515882377
-3.218202590942383,-3.218202590942383,-7.535634515882377
-3.218202590942383,-3.218202590942383,-7.535634515882377
-3.218202590942383,-3.218202590942383,-7.535634515882377
-3.218202590942383,-3.218202590942383,-7.535634515882377
-0.9505436420440674,-0.9505436420440674,-7.535634515882377
-0.9505436420440674,-0.9505436420440674,-7.535634515882377
-0.9505436420440674,-0.9505436420440674,-7.535634515882377
-0.9505436420440674,-0.9505436420440674,-7.535634515882377
-0.9505436420440674,-0.9505436420440674,-7.535634515882377
-0.9505436420440674,-0.9505436420440674,-7.535634515882377
-0.9505436420440674,-0.9505436420440674,-7.535634515882377
-3.218202590942383,-3.218202590942383,-7.535634515882377
-3.218202590942383,-3.218202590942383,-7.535634515882377
-3.218202590942383,-3.218202590942383,-7.535634515882377
-3.218202590942383,-3.218202590942383,-7.535634515882377
-3.218202590942383,-3.218202590942383,-7.535634515882377
-3.218202590942383,-3.218202590942383,-7.535634515882377
-3.218202590942383,-3.218202590942383,-7.535634515882377
-3.218202590942383,-3.218202590942383,-7.535634515882377
-3.218202590942383,-3.218202590942383,-7.535634515882377
-3.218202590942383,-3.218202590942383,-7.535634515882377
-3.218202590942383,-3.218202590942383,-7.535634515882377
-3.218202590942383,-3.218202590942383,-7.535634515882377
-3.218202590942383,-3.218202590942383,-7.535634515882377
-3.218202590942383,-3.218202590942383,-7.535634515882377
-3.218202590942383,-3.218202590942383,-7.535634515882377
-3.218202590942383,-3.218202590942383,-7.535634515882377
-3.218202590942383,-3.218202590942383,-7.535634515882377
-3.218202590942383,-3.218202590942383,-7.535634515882377
-3.218202590942383,-3.218202590942383,-7.535634515882377
-3.218202590942383,-3.218202590942383,-7.535634515882377
-3.218202590942383,-3.218202590942383,-7.535634515882377
-3.218202590942383,-3.218202590942383,-7.535634515882377
-3.218202590942383,-3.218202590942383,-7.535634515882377
-3.218202590942383,-3.218202590942383,-7.535634515882377
-3.218202590942383,-3.218202590942383,-7.535634515882377
-3.218202590942383,-3.218202590942383,-7.535634515882377
-3.218202590942383,-3.218202590942383,-7.535634515882377
-3.218202590942383,-3.218202590942383,-7.535634515882377
-3.218202590942383,-3.218202590942383,-7.535634515882377
-4.3170342445373535,-4.3170342445373535,-7.535634515882377
-4.3170342445373535,-4.3170342445373535,-7.535634515882377
-4.3170342445373535,-4.3170342445373535,-7.535634515882377
-4.3170342445373535,-4.3170342445373535,-7.535634515882377
-4.3170342445373535,-4.3170342445373535,-7.535634515882377
-4.3170342445373535,-4.3170342445373535,-7.535634515882377
-4.3170342445373535,-4.3170342445373535,-7.535634515882377
-4.3170342445373535,-4.3170342445373535,-7.535634515882377
-4.3170342445373535,-4.3170342445373535,-7.535634515882377
-4.3170342445373535,-4.3170342445373535,-7.535634515882377
-4.3170342445373535,-4.3170342445373535,-7.535634515882377
-4.3170342445373535,-4.3170342445373535,-7.535634515882377
-4.3170342445373535,-4.3170342445373535,-7.535634515882377
-4.3170342445373535,-4.3170342445373535,-7.535634515882377
-4.3170342445373535,-4.3170342445373535,-7.535634515882377
-4.3170342445373535,-4.3170342445373535,-7.535634515882377
-4.3170342445373535,-4.3170342445373535,-7.535634515882377
-3.218202590942383,-3.218202590942383,-7.535634515882377
-3.218202590942383,-3.218202590942383,-7.535634515882377
-3.218202590942383,-3.218202590942383,-7.535634515882377
-3.218202590942383,-3.218202590942383,-7.535634515882377
-3.218202590942383,-3.218202590942383,-7.535634515882377
-3.218202590942383,-3.218202590942383,-7.535634515882377
-3.218202590942383,-3.218202590942383,-7.535634515882377
-3.218202590942383,-3.218202590942383,-7.535634515882377
-3.218202590942383,-3.218202590942383,-7.535634515882377
-3.218202590942383,-3.218202590942383,-7.535634515882377
-3.218202590942383,-3.218202590942383,-7.535634515882377
-3.218202590942383,-3.218202590942383,-7.535634515882377
-3.218202590942383,-3.218202590942383,-7.535634515882377
-3.218202590942383,-3.218202590942383,-7.535634515882377
-3.218202590942383,-3.218202590942383,-7.535634515882377
-3.218202590942383,-3.218202590942383,-7.535634515882377
-3.218202590942383,-3.218202590942383,-7.535634515882377
-3.218202590942383,-3.218202590942383,-7.535634515882377
-3.218202590942383,-3.218202590942383,-7.535634515882377
-3.218202590942383,-3.218202590942383,-7.535634515882377
-0.38459378480911255,-0.38459378480911255,-7.535634515882377
-0.38459378480911255,-0.38459378480911255,-7.535634515882377
-0.38459378480911255,-0.38459378480911255,-7.535634515882377
-0.38459378480911255,-0.38459378480911255,-7.535634515882377
-0.38459378480911255,-0.38459378480911255,-7.535634515882377
-0.38459378480911255,-0.38459378480911255,-7.535634515882377
-0.38459378480911255,-0.38459378480911255,-7.535634515882377
-0.38459378480911255,-0.38459378480911255,-7.535634515882377
-0.38459378480911255,-0.38459378480911255,-7.535634515882377
-0.38459378480911255,-0.38459378480911255,-7.535634515882377
-0.4467509984970093,-0.4467509984970093,-7.535634515882377
-0.4467509984970093,-0.4467509984970093,-7.535634515882377
-0.4467509984970093,-0.4467509984970093,-7.535634515882377
-0.38459378480911255,-0.38459378480911255,-7.535634515882377
-0.38459378480911255,-0.38459378480911255,-7.535634515882377
-0.38459378480911255,-0.38459378480911255,-7.535634515882377
-0.38459378480911255,-0.38459378480911255,-7.535634515882377
-0.38459378480911255,-0.38459378480911255,-7.535634515882377
-0.38459378480911255,-0.38459378480911255,-7.535634515882377
-0.38459378480911255,-0.38459378480911255,-7.535634515882377
-0.38459378480911255,-0.38459378480911255,-7.535634515882377
-0.38459378480911255,-0.38459378480911255,-7.535634515882377
-0.38459378480911255,-0.38459378480911255,-7.535634515882377
-0.38459378480911255,-0.38459378480911255,-7.535634515882377
-0.38459378480911255,-0.38459378480911255,-7.535634515882377
-0.38459378480911255,-0.38459378480911255,-7.535634515882377
-0.38459378480911255,-0.38459378480911255,-7.535634515882377
0.10094326734542847,0.10094326734542847,-7.535634515882377
0.10094326734542847,0.10094326734542847,-7.535634515882377
0.10094326734542847,0.10094326734542847,-7.535634515882377
0.17167794704437256,0.17167794704437256,-7.535634515882377
-4.902510643005371,-4.902510643005371,-7.535634515882377
-4.902510643005371,-4.902510643005371,-7.535634515882377
-4.902510643005371,-4.902510643005371,-7.535634515882377
-4.902510643005371,-4.902510643005371,-7.535634515882377
-4.902510643005371,-4.902510643005371,-7.535634515882377
-4.902510643005371,-4.902510643005371,-7.535634515882377
-4.902510643005371,-4.902510643005371,-7.535634515882377
-4.902510643005371,-4.902510643005371,-7.535634515882377
-4.902510643005371,-4.902510643005371,-7.535634515882377
-4.902510643005371,-4.902510643005371,-7.535634515882377
-2.0710370540618896,-2.0710370540618896,-7.535634515882377
-2.0710370540618896,-2.0710370540618896,-7.535634515882377
-1.1011035442352295,-1.1011035442352295,-7.535634515882377
-3.218202590942383,-3.218202590942383,-7.535634515882377
-4.3170342445373535,-4.3170342445373535,-7.535634515882377
-4.3170342445373535,-4.3170342445373535,-7.535634515882377
-3.218202590942383,-3.218202590942383,-7.535634515882377
-3.218202590942383,-3.218202590942383,-7.535634515882377
-3.218202590942383,-3.218202590942383,-7.535634515882377
-0.38459378480911255,-0.38459378480911255,-7.535634515882377
-0.38459378480911255,-0.38459378480911255,-7.535634515882377
-0.38459378480911255,-0.38459378480911255,-7.535634515882377
0.10094326734542847,0.10094326734542847,-7.535634515882377
0.17167794704437256,0.17167794704437256,-7.535634515882377
0.17167794704437256,0.17167794704437256,-7.535634515882377
0.10094326734542847,0.10094326734542847,-7.535634515882377
0.17167794704437256,0.17167794704437256,-0.7528851766543149
0.17167794704437256,0.17167794704437256,-0.7528851766543149
0.17167794704437256,0.17167794704437256,-0.7528851766543149
0.10094326734542847,0.10094326734542847,-0.7528851766543149
0.17167794704437256,0.17167794704437256,-0.7528851766543149
0.17167794704437256,0.17167794704437256,-0.7528851766543149
0.10094326734542847,0.10094326734542847,-0.7528851766543149
0.17167794704437256,0.17167794704437256,-0.7528851766543149
0.10094326734542847,0.10094326734542847,-0.7528851766543149
0.17167794704437256,0.17167794704437256,-0.7528851766543149
0.10094326734542847,0.10094326734542847,-0.752131537838845
0.10094326734542847,0.10094326734542847,-0.752131537838845
0.19079375267028809,0.19079375267028809,-0.0041450134850838155
0.17314249277114868,0.17314249277114868,-0.003768194077348923
